year,avg_temp,gdd,total_rain,et0,water_stress,diurnal_range,frost_days,region,hemisphere,avg_temp_lag1,gdd_lag1,total_rain_lag1,water_stress_lag1,diurnal_range_lag1,frost_days_lag1
2000,15.8,1270.1,596.8,619.8,0.963,8.79,1,Alsace,Northern,,,,,,
2001,15.69,1290.0,578.5,621.2,0.931,8.44,3,Alsace,Northern,15.8,1270.1,596.8,0.963,8.79,1.0
2002,15.29,1192.8,648.9,602.1,1.078,8.54,1,Alsace,Northern,15.69,1290.0,578.5,0.931,8.44,3.0
2003,17.11,1669.5,429.5,745.9,0.576,9.68,10,Alsace,Northern,15.29,1192.8,648.9,1.078,8.54,1.0
2004,15.7,1263.7,480.7,642.7,0.748,8.68,1,Alsace,Northern,17.11,1669.5,429.5,0.576,9.68,10.0
2005,16.2,1350.0,475.0,634.5,0.749,8.98,1,Alsace,Northern,15.7,1263.7,480.7,0.748,8.68,1.0
2006,16.63,1468.2,627.6,638.5,0.983,8.6,2,Alsace,Northern,16.2,1350.0,475.0,0.749,8.98,1.0
2007,15.85,1304.7,514.2,639.5,0.804,8.89,0,Alsace,Northern,16.63,1468.2,627.6,0.983,8.6,2.0
2008,15.29,1219.6,555.1,604.0,0.919,8.42,3,Alsace,Northern,15.85,1304.7,514.2,0.804,8.89,0.0
2009,16.33,1399.4,411.3,656.4,0.627,9.03,0,Alsace,Northern,15.29,1219.6,555.1,0.919,8.42,3.0
2010,15.13,1193.9,630.9,604.9,1.043,8.43,2,Alsace,Northern,16.33,1399.4,411.3,0.627,9.03,0.0
2011,16.63,1450.2,444.3,683.2,0.65,9.45,0,Alsace,Northern,15.13,1193.9,630.9,1.043,8.43,2.0
2012,15.84,1335.9,569.0,640.7,0.888,8.9,4,Alsace,Northern,16.63,1450.2,444.3,0.65,9.45,0.0
2013,15.84,1323.7,668.8,618.5,1.081,8.33,5,Alsace,Northern,15.84,1335.9,569.0,0.888,8.9,4.0
2014,16.5,1405.3,542.9,647.3,0.839,8.51,0,Alsace,Northern,15.84,1323.7,668.8,1.081,8.33,5.0
2015,16.58,1468.7,420.4,683.3,0.615,9.13,4,Alsace,Northern,16.5,1405.3,542.9,0.839,8.51,0.0
2016,16.13,1374.6,590.0,626.0,0.943,8.55,0,Alsace,Northern,16.58,1468.7,420.4,0.615,9.13,4.0
2000,17.42,1614.9,821.5,698.8,1.176,9.26,0,Barolo,Northern,,,,,,
2001,17.65,1658.5,432.6,729.6,0.593,9.71,0,Barolo,Northern,17.42,1614.9,821.5,1.176,9.26,0.0
2002,16.42,1410.6,901.8,644.4,1.4,9.0,1,Barolo,Northern,17.65,1658.5,432.6,0.593,9.71,0.0
2003,18.84,1990.4,353.9,816.5,0.433,10.7,3,Barolo,Northern,16.42,1410.6,901.8,1.4,9.0,1.0
2004,17.43,1623.7,478.1,720.8,0.663,9.57,1,Barolo,Northern,18.84,1990.4,353.9,0.433,10.7,3.0
2005,17.42,1616.3,602.8,707.3,0.852,9.4,0,Barolo,Northern,17.43,1623.7,478.1,0.663,9.57,1.0
2006,18.22,1772.7,488.7,758.5,0.644,10.16,0,Barolo,Northern,17.42,1616.3,602.8,0.852,9.4,0.0
2007,17.64,1665.0,507.0,765.2,0.663,10.23,2,Barolo,Northern,18.22,1772.7,488.7,0.644,10.16,0.0
2008,17.24,1568.7,628.6,687.7,0.914,9.34,1,Barolo,Northern,17.64,1665.0,507.0,0.663,10.23,2.0
2009,18.26,1794.9,676.1,760.0,0.89,10.0,0,Barolo,Northern,17.24,1568.7,628.6,0.914,9.34,1.0
2010,16.8,1518.0,696.1,695.4,1.001,9.19,2,Barolo,Northern,18.26,1794.9,676.1,0.89,10.0,0.0
2011,18.4,1814.8,436.2,780.1,0.559,10.54,0,Barolo,Northern,16.8,1518.0,696.1,1.001,9.19,2.0
2012,17.58,1666.6,672.7,684.1,0.983,8.88,1,Barolo,Northern,18.4,1814.8,436.2,0.559,10.54,0.0
2013,17.43,1621.4,737.8,701.3,1.052,9.34,0,Barolo,Northern,17.58,1666.6,672.7,0.983,8.88,1.0
2014,17.23,1552.6,636.9,668.1,0.953,8.93,0,Barolo,Northern,17.43,1621.4,737.8,1.052,9.34,0.0
2015,17.8,1685.4,703.9,698.6,1.008,9.1,2,Barolo,Northern,17.23,1552.6,636.9,0.953,8.93,0.0
2016,17.82,1687.8,477.8,738.5,0.647,9.68,0,Barolo,Northern,17.8,1685.4,703.9,1.008,9.1,2.0
2000,18.7,1853.7,285.2,1065.8,0.268,11.43,0,Barossa Valley,Southern,,,,,,
2001,19.58,2030.7,144.5,1137.1,0.127,12.2,0,Barossa Valley,Southern,18.7,1853.7,285.2,0.268,11.43,0.0
2002,17.12,1509.2,145.0,993.9,0.146,11.54,0,Barossa Valley,Southern,19.58,2030.7,144.5,0.127,12.2,0.0
2003,18.75,1855.3,142.0,1130.7,0.126,12.78,0,Barossa Valley,Southern,17.12,1509.2,145.0,0.146,11.54,0.0
2004,18.56,1826.9,148.4,1112.5,0.133,12.72,0,Barossa Valley,Southern,18.75,1855.3,142.0,0.126,12.78,0.0
2005,18.67,1838.1,166.4,1107.7,0.15,12.42,0,Barossa Valley,Southern,18.56,1826.9,148.4,0.133,12.72,0.0
2006,18.69,1843.2,247.2,1071.3,0.231,11.74,0,Barossa Valley,Southern,18.67,1838.1,166.4,0.15,12.42,0.0
2007,19.67,2050.3,233.9,1172.6,0.199,12.81,0,Barossa Valley,Southern,18.69,1843.2,247.2,0.231,11.74,0.0
2008,19.41,2004.9,141.5,1170.8,0.121,12.71,0,Barossa Valley,Southern,19.67,2050.3,233.9,0.199,12.81,0.0
2009,18.9,1886.4,224.1,1113.7,0.201,12.17,0,Barossa Valley,Southern,19.41,2004.9,141.5,0.121,12.71,0.0
2010,20.02,2126.8,206.9,1133.9,0.182,12.48,0,Barossa Valley,Southern,18.9,1886.4,224.1,0.201,12.17,0.0
2011,18.28,1756.7,297.6,974.6,0.305,10.94,0,Barossa Valley,Southern,20.02,2126.8,206.9,0.182,12.48,0.0
2012,19.02,1921.6,167.5,1068.3,0.157,11.61,0,Barossa Valley,Southern,18.28,1756.7,297.6,0.305,10.94,0.0
2013,19.75,2069.3,105.2,1167.4,0.09,12.6,0,Barossa Valley,Southern,19.02,1921.6,167.5,0.157,11.61,0.0
2014,19.07,1923.8,201.9,1098.6,0.184,12.15,0,Barossa Valley,Southern,19.75,2069.3,105.2,0.09,12.6,0.0
2015,18.9,1887.6,199.3,1092.8,0.182,12.26,0,Barossa Valley,Southern,19.07,1923.8,201.9,0.184,12.15,0.0
2016,20.44,2223.6,150.7,1164.4,0.129,12.7,0,Barossa Valley,Southern,18.9,1887.6,199.3,0.182,12.26,0.0
2000,17.49,1617.7,435.7,785.6,0.555,10.49,1,Chianti Classico,Northern,,,,,,
2001,16.92,1520.5,464.8,773.6,0.601,10.75,2,Chianti Classico,Northern,17.49,1617.7,435.7,0.555,10.49,1.0
2002,16.5,1404.1,607.8,715.1,0.85,9.94,0,Chianti Classico,Northern,16.92,1520.5,464.8,0.601,10.75,2.0
2003,18.61,1908.4,325.2,879.5,0.37,11.35,4,Chianti Classico,Northern,16.5,1404.1,607.8,0.85,9.94,0.0
2004,16.97,1521.5,493.0,763.1,0.646,10.26,0,Chianti Classico,Northern,18.61,1908.4,325.2,0.37,11.35,4.0
2005,16.94,1516.1,454.4,765.2,0.594,10.68,2,Chianti Classico,Northern,16.97,1521.5,493.0,0.646,10.26,0.0
2006,17.66,1648.3,316.9,815.0,0.389,11.27,0,Chianti Classico,Northern,16.94,1516.1,454.4,0.594,10.68,2.0
2007,17.24,1567.9,343.9,804.1,0.428,10.98,0,Chianti Classico,Northern,17.66,1648.3,316.9,0.389,11.27,0.0
2008,16.9,1495.2,495.8,748.4,0.663,10.44,0,Chianti Classico,Northern,17.24,1567.9,343.9,0.428,10.98,0.0
2009,17.77,1682.0,370.0,809.7,0.457,10.74,1,Chianti Classico,Northern,16.9,1495.2,495.8,0.663,10.44,0.0
2010,16.37,1407.3,663.8,719.3,0.923,9.86,0,Chianti Classico,Northern,17.77,1682.0,370.0,0.457,10.74,1.0
2011,17.85,1694.2,249.6,851.2,0.293,11.28,0,Chianti Classico,Northern,16.37,1407.3,663.8,0.923,9.86,0.0
2012,17.96,1733.9,480.5,805.7,0.596,10.4,1,Chianti Classico,Northern,17.85,1694.2,249.6,0.293,11.28,0.0
2013,17.42,1605.5,504.9,758.9,0.665,10.11,0,Chianti Classico,Northern,17.96,1733.9,480.5,0.596,10.4,1.0
2014,16.76,1460.8,635.0,720.8,0.881,9.77,0,Chianti Classico,Northern,17.42,1605.5,504.9,0.665,10.11,0.0
2015,17.94,1721.6,490.5,796.2,0.616,10.27,2,Chianti Classico,Northern,16.76,1460.8,635.0,0.881,9.77,0.0
2016,17.47,1607.6,457.9,785.8,0.583,10.31,0,Chianti Classico,Northern,17.94,1721.6,490.5,0.616,10.27,2.0
2000,18.82,1879.5,225.7,1131.5,0.199,11.37,0,Clare Valley,Southern,,,,,,
2001,19.89,2097.4,126.4,1212.3,0.104,11.92,0,Clare Valley,Southern,18.82,1879.5,225.7,0.199,11.37,0.0
2002,17.19,1532.0,107.1,1044.8,0.103,11.53,0,Clare Valley,Southern,19.89,2097.4,126.4,0.104,11.92,0.0
2003,19.14,1939.6,138.8,1209.7,0.115,12.63,0,Clare Valley,Southern,17.19,1532.0,107.1,0.103,11.53,0.0
2004,19.04,1932.0,115.3,1207.1,0.096,12.65,0,Clare Valley,Southern,19.14,1939.6,138.8,0.115,12.63,0.0
2005,18.97,1900.6,127.8,1191.1,0.107,12.47,0,Clare Valley,Southern,19.04,1932.0,115.3,0.096,12.65,0.0
2006,19.17,1945.4,202.3,1167.3,0.173,11.95,0,Clare Valley,Southern,18.97,1900.6,127.8,0.107,12.47,0.0
2007,19.92,2103.3,251.1,1241.9,0.202,12.52,0,Clare Valley,Southern,19.17,1945.4,202.3,0.173,11.95,0.0
2008,19.75,2079.2,140.0,1256.1,0.111,12.39,0,Clare Valley,Southern,19.92,2103.3,251.1,0.202,12.52,0.0
2009,19.21,1953.5,171.7,1190.8,0.144,12.12,0,Clare Valley,Southern,19.75,2079.2,140.0,0.111,12.39,0.0
2010,20.3,2189.2,169.8,1208.5,0.14,12.08,0,Clare Valley,Southern,19.21,1953.5,171.7,0.144,12.12,0.0
2011,18.48,1804.5,272.8,1041.1,0.262,10.81,0,Clare Valley,Southern,20.3,2189.2,169.8,0.14,12.08,0.0
2012,19.11,1941.3,156.2,1126.0,0.139,11.38,0,Clare Valley,Southern,18.48,1804.5,272.8,0.262,10.81,0.0
2013,19.98,2120.0,109.5,1244.4,0.088,12.54,0,Clare Valley,Southern,19.11,1941.3,156.2,0.139,11.38,0.0
2014,19.39,1991.7,195.3,1178.5,0.166,12.1,0,Clare Valley,Southern,19.98,2120.0,109.5,0.088,12.54,0.0
2015,19.07,1923.1,191.8,1159.3,0.165,12.2,0,Clare Valley,Southern,19.39,1991.7,195.3,0.166,12.1,0.0
2016,20.8,2299.5,115.8,1255.4,0.092,12.39,0,Clare Valley,Southern,19.07,1923.1,191.8,0.165,12.2,0.0
2000,18.63,1868.7,94.0,1070.6,0.088,13.08,0,Columbia Valley (WA),Northern,,,,,,
2001,18.95,1978.6,55.5,1075.0,0.052,13.5,5,Columbia Valley (WA),Northern,18.63,1868.7,94.0,0.088,13.08,0.0
2002,18.75,1935.0,49.3,1086.0,0.045,13.32,6,Columbia Valley (WA),Northern,18.95,1978.6,55.5,0.052,13.5,5.0
2003,20.01,2172.8,56.7,1112.6,0.051,13.32,1,Columbia Valley (WA),Northern,18.75,1935.0,49.3,0.045,13.32,6.0
2004,19.81,2112.9,105.3,1079.9,0.098,12.84,0,Columbia Valley (WA),Northern,20.01,2172.8,56.7,0.051,13.32,1.0
2005,19.59,2061.6,57.9,1097.5,0.053,13.33,0,Columbia Valley (WA),Northern,19.81,2112.9,105.3,0.098,12.84,0.0
2006,19.97,2170.7,65.6,1106.2,0.059,13.86,2,Columbia Valley (WA),Northern,19.59,2061.6,57.9,0.053,13.33,0.0
2007,19.46,2055.7,51.8,1111.5,0.047,13.6,4,Columbia Valley (WA),Northern,19.97,2170.7,65.6,0.059,13.86,2.0
2008,19.1,1995.0,45.0,1114.4,0.04,13.8,3,Columbia Valley (WA),Northern,19.46,2055.7,51.8,0.047,13.6,4.0
2009,19.8,2152.4,69.6,1138.3,0.061,13.57,3,Columbia Valley (WA),Northern,19.1,1995.0,45.0,0.04,13.8,3.0
2010,18.55,1860.4,108.9,1050.9,0.104,12.97,3,Columbia Valley (WA),Northern,19.8,2152.4,69.6,0.061,13.57,3.0
2011,18.41,1841.3,72.8,1047.2,0.07,13.22,3,Columbia Valley (WA),Northern,18.55,1860.4,108.9,0.104,12.97,3.0
2012,19.58,2099.4,124.5,1084.9,0.115,13.35,1,Columbia Valley (WA),Northern,18.41,1841.3,72.8,0.07,13.22,3.0
2013,19.81,2127.5,99.7,1073.7,0.093,13.21,0,Columbia Valley (WA),Northern,19.58,2099.4,124.5,0.115,13.35,1.0
2014,20.81,2316.0,60.3,1135.3,0.053,13.61,0,Columbia Valley (WA),Northern,19.81,2127.5,99.7,0.093,13.21,0.0
2015,21.4,2449.0,55.7,1172.3,0.048,13.68,0,Columbia Valley (WA),Northern,20.81,2316.0,60.3,0.053,13.61,0.0
2016,20.22,2196.5,129.6,1117.4,0.116,13.13,0,Columbia Valley (WA),Northern,21.4,2449.0,55.7,0.048,13.68,0.0
2000,15.39,1302.4,682.2,620.1,1.1,8.57,10,Finger Lakes,Northern,,,,,,
2001,16.33,1493.1,464.0,742.8,0.625,9.74,9,Finger Lakes,Northern,15.39,1302.4,682.2,1.1,8.57,10.0
2002,16.37,1565.4,669.7,704.5,0.951,8.99,10,Finger Lakes,Northern,16.33,1493.1,464.0,0.625,9.74,9.0
2003,15.38,1342.6,742.8,644.0,1.153,8.74,14,Finger Lakes,Northern,16.37,1565.4,669.7,0.951,8.99,10.0
2004,15.93,1410.0,760.3,632.6,1.202,8.5,7,Finger Lakes,Northern,15.38,1342.6,742.8,1.153,8.74,14.0
2005,16.96,1628.6,670.0,727.9,0.92,9.6,6,Finger Lakes,Northern,15.93,1410.0,760.3,1.202,8.5,7.0
2006,15.88,1397.8,841.7,658.9,1.277,8.72,7,Finger Lakes,Northern,16.96,1628.6,670.0,0.92,9.6,6.0
2007,16.76,1598.7,511.8,742.3,0.69,9.79,8,Finger Lakes,Northern,15.88,1397.8,841.7,1.277,8.72,7.0
2008,16.14,1435.0,561.4,701.0,0.801,9.67,6,Finger Lakes,Northern,16.76,1598.7,511.8,0.69,9.79,8.0
2009,15.38,1290.0,656.6,658.3,0.997,8.97,7,Finger Lakes,Northern,16.14,1435.0,561.4,0.801,9.67,6.0
2010,17.26,1629.7,582.7,736.0,0.792,9.38,0,Finger Lakes,Northern,15.38,1290.0,656.6,0.997,8.97,7.0
2011,16.81,1587.8,911.0,663.1,1.374,8.67,4,Finger Lakes,Northern,17.26,1629.7,582.7,0.792,9.38,0.0
2012,16.98,1624.8,641.6,735.0,0.873,9.44,7,Finger Lakes,Northern,16.81,1587.8,911.0,1.374,8.67,4.0
2013,16.07,1454.0,668.5,671.5,0.996,9.0,9,Finger Lakes,Northern,16.98,1624.8,641.6,0.873,9.44,7.0
2014,16.01,1415.5,648.9,681.4,0.952,9.07,12,Finger Lakes,Northern,16.07,1454.0,668.5,0.996,9.0,9.0
2015,16.46,1520.4,601.2,710.8,0.846,9.42,10,Finger Lakes,Northern,16.01,1415.5,648.9,0.952,9.07,12.0
2016,16.96,1674.3,536.1,758.9,0.706,9.77,11,Finger Lakes,Northern,16.46,1520.4,601.2,0.846,9.42,10.0
2000,18.49,1808.5,236.2,991.1,0.238,7.79,0,Margaret River,Southern,,,,,,
2001,18.1,1717.6,46.4,981.8,0.047,7.98,0,Margaret River,Southern,18.49,1808.5,236.2,0.238,7.79,0.0
2002,17.45,1579.8,135.3,935.2,0.145,7.9,0,Margaret River,Southern,18.1,1717.6,46.4,0.047,7.98,0.0
2003,18.34,1767.3,178.3,953.9,0.187,7.76,0,Margaret River,Southern,17.45,1579.8,135.3,0.145,7.9,0.0
2004,17.97,1697.7,119.1,952.1,0.125,8.1,0,Margaret River,Southern,18.34,1767.3,178.3,0.187,7.76,0.0
2005,17.99,1693.5,180.9,946.2,0.191,7.73,0,Margaret River,Southern,17.97,1697.7,119.1,0.125,8.1,0.0
2006,16.69,1418.4,167.5,873.4,0.192,7.26,0,Margaret River,Southern,17.99,1693.5,180.9,0.191,7.73,0.0
2007,18.36,1772.8,166.8,976.3,0.171,7.88,0,Margaret River,Southern,16.69,1418.4,167.5,0.192,7.26,0.0
2008,18.25,1756.7,192.3,975.6,0.197,7.88,0,Margaret River,Southern,18.36,1772.8,166.8,0.171,7.88,0.0
2009,17.9,1674.0,137.6,920.9,0.149,7.67,0,Margaret River,Southern,18.25,1756.7,192.3,0.197,7.88,0.0
2010,18.35,1770.1,121.0,969.5,0.125,8.19,0,Margaret River,Southern,17.9,1674.0,137.6,0.149,7.67,0.0
2011,19.48,2010.5,191.2,1058.2,0.181,8.53,0,Margaret River,Southern,18.35,1770.1,121.0,0.125,8.19,0.0
2012,19.34,1990.2,167.7,1013.4,0.165,7.94,0,Margaret River,Southern,19.48,2010.5,191.2,0.181,8.53,0.0
2013,19.1,1928.4,163.4,977.6,0.167,7.91,0,Margaret River,Southern,19.34,1990.2,167.7,0.165,7.94,0.0
2014,18.78,1862.3,83.7,1018.9,0.082,8.36,0,Margaret River,Southern,19.1,1928.4,163.4,0.167,7.91,0.0
2015,18.29,1757.3,180.3,964.6,0.187,7.9,0,Margaret River,Southern,18.78,1862.3,83.7,0.082,8.36,0.0
2016,18.88,1890.6,211.9,969.0,0.219,7.78,0,Margaret River,Southern,18.29,1757.3,180.3,0.187,7.9,0.0
2000,18.87,1889.8,249.7,1018.4,0.245,9.38,0,McLaren Vale,Southern,,,,,,
2001,19.41,1994.8,163.9,1082.8,0.151,10.26,0,McLaren Vale,Southern,18.87,1889.8,249.7,0.245,9.38,0.0
2002,17.2,1527.2,158.6,930.9,0.17,9.19,0,McLaren Vale,Southern,19.41,1994.8,163.9,0.151,10.26,0.0
2003,18.38,1776.3,190.0,1046.5,0.182,10.43,0,McLaren Vale,Southern,17.2,1527.2,158.6,0.17,9.19,0.0
2004,18.28,1764.2,163.6,1027.8,0.159,10.18,0,McLaren Vale,Southern,18.38,1776.3,190.0,0.182,10.43,0.0
2005,18.79,1863.9,147.0,1062.4,0.138,10.26,0,McLaren Vale,Southern,18.28,1764.2,163.6,0.159,10.18,0.0
2006,18.59,1821.6,337.6,999.9,0.338,9.38,0,McLaren Vale,Southern,18.79,1863.9,147.0,0.138,10.26,0.0
2007,19.59,2033.8,187.4,1124.4,0.167,10.69,0,McLaren Vale,Southern,18.59,1821.6,337.6,0.338,9.38,0.0
2008,19.25,1971.0,163.5,1124.0,0.145,10.58,0,McLaren Vale,Southern,19.59,2033.8,187.4,0.167,10.69,0.0
2009,18.93,1892.5,136.7,1063.0,0.129,10.07,0,McLaren Vale,Southern,19.25,1971.0,163.5,0.145,10.58,0.0
2010,19.77,2070.9,221.4,1081.1,0.205,10.3,0,McLaren Vale,Southern,18.93,1892.5,136.7,0.129,10.07,0.0
2011,18.29,1757.2,256.8,934.7,0.275,9.04,0,McLaren Vale,Southern,19.77,2070.9,221.4,0.205,10.3,0.0
2012,19.09,1936.9,191.7,1026.4,0.187,9.61,0,McLaren Vale,Southern,18.29,1757.2,256.8,0.275,9.04,0.0
2013,19.5,2014.2,163.4,1091.0,0.15,10.21,0,McLaren Vale,Southern,19.09,1936.9,191.7,0.187,9.61,0.0
2014,18.92,1892.1,161.7,1039.6,0.156,9.82,0,McLaren Vale,Southern,19.5,2014.2,163.4,0.15,10.21,0.0
2015,18.72,1848.7,161.8,1028.2,0.157,10.01,0,McLaren Vale,Southern,18.92,1892.1,161.7,0.156,9.82,0.0
2016,20.09,2148.6,109.0,1097.2,0.099,10.59,0,McLaren Vale,Southern,18.72,1848.7,161.8,0.157,10.01,0.0
2000,15.44,1205.5,1446.2,824.1,1.755,8.89,1,Mendoza,Southern,,,,,,
2001,16.66,1472.3,973.3,927.9,1.049,10.06,3,Mendoza,Southern,15.44,1205.5,1446.2,1.755,8.89,1.0
2002,16.29,1352.0,1110.3,886.9,1.252,9.76,0,Mendoza,Southern,16.66,1472.3,973.3,1.049,10.06,3.0
2003,17.19,1545.5,944.1,966.3,0.977,10.2,1,Mendoza,Southern,16.29,1352.0,1110.3,1.252,9.76,0.0
2004,17.81,1678.3,722.2,986.9,0.732,10.09,0,Mendoza,Southern,17.19,1545.5,944.1,0.977,10.2,1.0
2005,16.15,1364.7,1014.0,908.2,1.117,9.84,4,Mendoza,Southern,17.81,1678.3,722.2,0.732,10.09,0.0
2006,17.28,1574.4,776.8,986.5,0.787,10.2,1,Mendoza,Southern,16.15,1364.7,1014.0,1.117,9.84,4.0
2007,16.97,1487.3,936.1,955.5,0.98,10.01,0,Mendoza,Southern,17.28,1574.4,776.8,0.787,10.2,1.0
2008,17.05,1534.8,739.1,972.1,0.76,10.09,1,Mendoza,Southern,16.97,1487.3,936.1,0.98,10.01,0.0
2009,17.96,1696.0,665.8,1001.0,0.665,10.49,1,Mendoza,Southern,17.05,1534.8,739.1,0.76,10.09,1.0
2010,17.58,1624.8,752.3,1015.7,0.741,10.53,1,Mendoza,Southern,17.96,1696.0,665.8,0.665,10.49,1.0
2011,16.65,1436.6,765.9,969.3,0.79,10.45,2,Mendoza,Southern,17.58,1624.8,752.3,0.741,10.53,1.0
2012,17.61,1649.8,755.8,982.5,0.769,10.13,1,Mendoza,Southern,16.65,1436.6,765.9,0.79,10.45,2.0
2013,17.12,1529.9,755.6,977.7,0.773,10.4,0,Mendoza,Southern,17.61,1649.8,755.8,0.769,10.13,1.0
2014,17.35,1578.3,755.4,1000.6,0.755,10.54,1,Mendoza,Southern,17.12,1529.9,755.6,0.773,10.4,0.0
2015,17.5,1600.8,979.2,941.3,1.04,9.83,0,Mendoza,Southern,17.35,1578.3,755.4,0.755,10.54,1.0
2016,15.55,1290.7,1725.5,843.7,2.045,9.07,3,Mendoza,Southern,17.5,1600.8,979.2,1.04,9.83,0.0
2000,18.34,1789.1,158.9,1017.6,0.156,13.6,0,Napa Valley,Northern,,,,,,
2001,19.12,1976.2,59.0,1074.4,0.055,14.35,0,Napa Valley,Northern,18.34,1789.1,158.9,0.156,13.6,0.0
2002,18.66,1864.3,24.1,1069.9,0.023,14.6,0,Napa Valley,Northern,19.12,1976.2,59.0,0.055,14.35,0.0
2003,18.73,1904.9,127.4,1030.4,0.124,13.96,0,Napa Valley,Northern,18.66,1864.3,24.1,0.023,14.6,0.0
2004,18.9,1911.3,87.2,1079.2,0.081,14.01,0,Napa Valley,Northern,18.73,1904.9,127.4,0.124,13.96,0.0
2005,18.23,1769.3,131.4,1006.7,0.131,13.5,0,Napa Valley,Northern,18.9,1911.3,87.2,0.081,14.01,0.0
2006,18.9,1928.5,178.4,1031.5,0.173,14.17,0,Napa Valley,Northern,18.23,1769.3,131.4,0.131,13.5,0.0
2007,18.43,1810.8,93.0,1062.8,0.088,14.14,0,Napa Valley,Northern,18.9,1928.5,178.4,0.173,14.17,0.0
2008,19.42,2024.3,27.6,1130.7,0.024,15.07,0,Napa Valley,Northern,18.43,1810.8,93.0,0.088,14.14,0.0
2009,18.78,1884.4,138.3,1044.2,0.132,14.34,0,Napa Valley,Northern,19.42,2024.3,27.6,0.024,15.07,0.0
2010,17.56,1654.6,171.5,987.1,0.174,13.44,1,Napa Valley,Northern,18.78,1884.4,138.3,0.132,14.34,0.0
2011,17.81,1690.3,130.2,972.7,0.134,13.39,0,Napa Valley,Northern,17.56,1654.6,171.5,0.174,13.44,1.0
2012,18.66,1869.8,88.4,1055.1,0.084,14.67,0,Napa Valley,Northern,17.81,1690.3,130.2,0.134,13.39,0.0
2013,19.25,1979.6,33.5,1095.8,0.031,14.39,0,Napa Valley,Northern,18.66,1869.8,88.4,0.084,14.67,0.0
2014,19.64,2071.3,60.7,1069.8,0.057,14.35,0,Napa Valley,Northern,19.25,1979.6,33.5,0.031,14.39,0.0
2015,19.37,2010.9,50.5,1045.0,0.048,13.99,0,Napa Valley,Northern,19.64,2071.3,60.7,0.057,14.35,0.0
2016,18.86,1896.5,190.6,1025.2,0.186,13.81,0,Napa Valley,Northern,19.37,2010.9,50.5,0.048,13.99,0.0
2000,20.06,2153.8,93.6,1085.2,0.086,14.36,0,Paso Robles,Northern,,,,,,
2001,20.47,2253.4,46.3,1107.7,0.042,14.57,0,Paso Robles,Northern,20.06,2153.8,93.6,0.086,14.36,0.0
2002,19.81,2099.1,28.2,1095.8,0.026,14.72,0,Paso Robles,Northern,20.47,2253.4,46.3,0.042,14.57,0.0
2003,20.65,2281.9,94.7,1093.4,0.087,14.77,0,Paso Robles,Northern,19.81,2099.1,28.2,0.026,14.72,0.0
2004,20.21,2184.8,86.5,1130.8,0.076,14.72,0,Paso Robles,Northern,20.65,2281.9,94.7,0.087,14.77,0.0
2005,19.56,2046.0,56.1,1072.8,0.052,14.24,0,Paso Robles,Northern,20.21,2184.8,86.5,0.076,14.72,0.0
2006,19.86,2112.4,114.8,1059.5,0.108,14.16,0,Paso Robles,Northern,19.56,2046.0,56.1,0.052,14.24,0.0
2007,20.45,2236.0,34.6,1157.4,0.03,15.19,0,Paso Robles,Northern,19.86,2112.4,114.8,0.108,14.16,0.0
2008,20.77,2305.8,14.7,1167.6,0.013,15.84,0,Paso Robles,Northern,20.45,2236.0,34.6,0.03,15.19,0.0
2009,20.14,2170.5,75.4,1113.1,0.068,14.97,0,Paso Robles,Northern,20.77,2305.8,14.7,0.013,15.84,0.0
2010,19.07,1944.1,94.8,1069.0,0.089,14.37,0,Paso Robles,Northern,20.14,2170.5,75.4,0.068,14.97,0.0
2011,19.07,1947.1,54.6,1057.2,0.052,14.48,0,Paso Robles,Northern,19.07,1944.1,94.8,0.089,14.37,0.0
2012,20.51,2249.8,70.4,1126.8,0.062,15.19,0,Paso Robles,Northern,19.07,1947.1,54.6,0.052,14.48,0.0
2013,20.85,2320.9,6.7,1171.3,0.006,15.78,0,Paso Robles,Northern,20.51,2249.8,70.4,0.062,15.19,0.0
2014,21.06,2368.7,28.7,1171.9,0.024,15.67,0,Paso Robles,Northern,20.85,2320.9,6.7,0.006,15.78,0.0
2015,20.74,2297.8,39.0,1105.5,0.035,14.72,0,Paso Robles,Northern,21.06,2368.7,28.7,0.024,15.67,0.0
2016,20.54,2255.3,38.7,1126.1,0.034,14.67,0,Paso Robles,Northern,20.74,2297.8,39.0,0.035,14.72,0.0
2000,16.41,1398.7,326.0,753.8,0.432,10.31,0,Rioja,Northern,,,,,,
2001,16.42,1428.9,217.9,777.3,0.28,10.86,0,Rioja,Northern,16.41,1398.7,326.0,0.432,10.31,0.0
2002,15.75,1268.5,348.6,719.7,0.484,10.16,0,Rioja,Northern,16.42,1428.9,217.9,0.28,10.86,0.0
2003,17.66,1687.4,328.1,800.9,0.41,10.56,1,Rioja,Northern,15.75,1268.5,348.6,0.484,10.16,0.0
2004,16.48,1443.3,295.9,767.1,0.386,10.45,0,Rioja,Northern,17.66,1687.4,328.1,0.41,10.56,1.0
2005,17.13,1556.5,294.3,828.4,0.355,11.14,0,Rioja,Northern,16.48,1443.3,295.9,0.386,10.45,0.0
2006,17.74,1671.2,281.4,800.8,0.351,10.59,1,Rioja,Northern,17.13,1556.5,294.3,0.355,11.14,0.0
2007,16.01,1315.1,277.2,731.8,0.379,10.14,0,Rioja,Northern,17.74,1671.2,281.4,0.351,10.59,1.0
2008,15.83,1286.4,459.6,730.9,0.629,10.39,0,Rioja,Northern,16.01,1315.1,277.2,0.379,10.14,0.0
2009,16.93,1526.7,276.9,778.3,0.356,10.88,0,Rioja,Northern,15.83,1286.4,459.6,0.629,10.39,0.0
2010,15.97,1336.6,269.6,744.4,0.362,10.51,0,Rioja,Northern,16.93,1526.7,276.9,0.356,10.88,0.0
2011,17.51,1611.2,201.6,804.3,0.251,11.41,0,Rioja,Northern,15.97,1336.6,269.6,0.362,10.51,0.0
2012,16.96,1543.1,365.3,794.6,0.46,11.13,0,Rioja,Northern,17.51,1611.2,201.6,0.251,11.41,0.0
2013,15.86,1314.6,350.2,716.3,0.489,9.96,0,Rioja,Northern,16.96,1543.1,365.3,0.46,11.13,0.0
2014,17.17,1536.1,211.3,772.7,0.273,10.84,0,Rioja,Northern,15.86,1314.6,350.2,0.489,9.96,0.0
2015,16.89,1487.1,269.5,780.3,0.345,10.7,0,Rioja,Northern,17.17,1536.1,211.3,0.273,10.84,0.0
2016,16.72,1476.4,209.3,780.2,0.268,10.89,0,Rioja,Northern,16.89,1487.1,269.5,0.345,10.7,0.0
2000,18.15,1744.8,197.3,975.7,0.202,13.17,0,Russian River Valley,Northern,,,,,,
2001,18.7,1876.8,66.0,1024.4,0.064,13.8,0,Russian River Valley,Northern,18.15,1744.8,197.3,0.202,13.17,0.0
2002,18.12,1741.7,39.0,1017.4,0.038,13.95,0,Russian River Valley,Northern,18.7,1876.8,66.0,0.064,13.8,0.0
2003,18.38,1803.5,176.6,988.6,0.179,13.53,0,Russian River Valley,Northern,18.12,1741.7,39.0,0.038,13.95,0.0
2004,18.66,1853.8,118.1,1035.7,0.114,13.54,0,Russian River Valley,Northern,18.38,1803.5,176.6,0.179,13.53,0.0
2005,17.91,1695.3,174.0,956.1,0.182,12.79,0,Russian River Valley,Northern,18.66,1853.8,118.1,0.114,13.54,0.0
2006,18.59,1845.8,213.6,989.5,0.216,13.78,0,Russian River Valley,Northern,17.91,1695.3,174.0,0.182,12.79,0.0
2007,17.88,1689.0,120.8,1000.7,0.121,13.31,0,Russian River Valley,Northern,18.59,1845.8,213.6,0.216,13.78,0.0
2008,18.79,1886.4,43.8,1065.5,0.041,14.59,0,Russian River Valley,Northern,17.88,1689.0,120.8,0.121,13.31,0.0
2009,18.33,1785.5,150.2,997.3,0.151,13.66,0,Russian River Valley,Northern,18.79,1886.4,43.8,0.041,14.59,0.0
2010,17.23,1562.4,270.4,929.0,0.291,12.77,0,Russian River Valley,Northern,18.33,1785.5,150.2,0.151,13.66,0.0
2011,17.71,1657.2,146.0,936.5,0.156,12.95,0,Russian River Valley,Northern,17.23,1562.4,270.4,0.291,12.77,0.0
2012,18.1,1740.2,99.8,994.0,0.1,13.77,0,Russian River Valley,Northern,17.71,1657.2,146.0,0.156,12.95,0.0
2013,18.61,1842.4,59.6,1026.8,0.058,13.84,0,Russian River Valley,Northern,18.1,1740.2,99.8,0.1,13.77,0.0
2014,19.1,1951.5,69.3,1014.2,0.068,13.58,0,Russian River Valley,Northern,18.61,1842.4,59.6,0.058,13.84,0.0
2015,19.01,1929.1,55.9,1005.0,0.056,13.61,0,Russian River Valley,Northern,19.1,1951.5,69.3,0.068,13.58,0.0
2016,18.63,1847.1,206.6,986.4,0.209,13.17,0,Russian River Valley,Northern,19.01,1929.1,55.9,0.056,13.61,0.0
2000,13.71,878.2,275.5,707.2,0.39,10.55,1,Willamette Valley,Northern,,,,,,
2001,13.32,875.1,316.5,705.0,0.449,10.99,10,Willamette Valley,Northern,13.71,878.2,275.5,0.39,10.55,1.0
2002,13.94,977.2,220.9,767.3,0.288,11.41,4,Willamette Valley,Northern,13.32,875.1,316.5,0.449,10.99,10.0
2003,14.73,1149.1,264.8,783.5,0.338,11.3,1,Willamette Valley,Northern,13.94,977.2,220.9,0.288,11.41,4.0
2004,14.7,1081.5,359.9,742.9,0.484,10.78,1,Willamette Valley,Northern,14.73,1149.1,264.8,0.338,11.3,1.0
2005,13.95,934.5,391.9,694.4,0.564,10.35,2,Willamette Valley,Northern,14.7,1081.5,359.9,0.484,10.78,1.0
2006,14.61,1090.9,207.6,797.5,0.26,11.74,3,Willamette Valley,Northern,13.95,934.5,391.9,0.564,10.35,2.0
2007,13.62,911.4,301.2,709.9,0.424,10.64,4,Willamette Valley,Northern,14.61,1090.9,207.6,0.26,11.74,3.0
2008,13.46,942.1,231.0,713.2,0.324,10.97,9,Willamette Valley,Northern,13.62,911.4,301.2,0.424,10.64,4.0
2009,14.41,1074.7,296.1,748.8,0.395,11.32,3,Willamette Valley,Northern,13.46,942.1,231.0,0.324,10.97,9.0
2010,13.01,796.3,520.9,663.0,0.786,10.14,2,Willamette Valley,Northern,14.41,1074.7,296.1,0.395,11.32,3.0
2011,13.0,837.7,372.6,655.9,0.568,10.16,9,Willamette Valley,Northern,13.01,796.3,520.9,0.786,10.14,2.0
2012,14.03,988.4,408.8,729.8,0.56,11.11,4,Willamette Valley,Northern,13.0,837.7,372.6,0.568,10.16,9.0
2013,14.25,1019.8,392.3,716.3,0.548,10.55,3,Willamette Valley,Northern,14.03,988.4,408.8,0.56,11.11,4.0
2014,15.39,1218.0,466.7,771.7,0.605,11.06,1,Willamette Valley,Northern,14.25,1019.8,392.3,0.548,10.55,3.0
2015,15.73,1302.9,211.7,817.0,0.259,11.68,2,Willamette Valley,Northern,15.39,1218.0,466.7,0.605,11.06,1.0
2016,14.95,1091.6,464.7,752.0,0.618,10.79,0,Willamette Valley,Northern,15.73,1302.9,211.7,0.259,11.68,2.0
2000,17.08,1507.9,415.0,836.3,0.496,10.68,0,Yarra Valley,Southern,,,,,,
2001,17.37,1565.8,510.2,865.2,0.59,10.8,0,Yarra Valley,Southern,17.08,1507.9,415.0,0.496,10.68,0.0
2002,15.65,1201.7,436.7,746.8,0.585,9.75,0,Yarra Valley,Southern,17.37,1565.8,510.2,0.59,10.8,0.0
2003,16.95,1473.0,289.3,874.8,0.331,10.94,0,Yarra Valley,Southern,15.65,1201.7,436.7,0.585,9.75,0.0
2004,16.14,1316.9,399.4,841.5,0.475,10.92,0,Yarra Valley,Southern,16.95,1473.0,289.3,0.331,10.94,0.0
2005,16.65,1409.6,477.9,824.8,0.579,10.53,0,Yarra Valley,Southern,16.14,1316.9,399.4,0.475,10.92,0.0
2006,17.31,1550.6,461.5,879.3,0.525,10.7,0,Yarra Valley,Southern,16.65,1409.6,477.9,0.579,10.53,0.0
2007,17.71,1639.5,258.8,946.2,0.274,11.83,0,Yarra Valley,Southern,17.31,1550.6,461.5,0.525,10.7,0.0
2008,17.54,1611.0,377.8,901.0,0.419,11.29,0,Yarra Valley,Southern,17.71,1639.5,258.8,0.274,11.83,0.0
2009,17.07,1506.4,333.4,890.6,0.374,11.33,0,Yarra Valley,Southern,17.54,1611.0,377.8,0.419,11.29,0.0
2010,18.0,1699.5,456.2,883.0,0.517,10.98,0,Yarra Valley,Southern,17.07,1506.4,333.4,0.374,11.33,0.0
2011,16.66,1415.6,710.8,754.5,0.942,9.79,0,Yarra Valley,Southern,18.0,1699.5,456.2,0.517,10.98,0.0
2012,17.27,1549.0,585.0,816.6,0.716,9.97,0,Yarra Valley,Southern,16.66,1415.6,710.8,0.942,9.79,0.0
2013,17.79,1654.2,297.4,904.6,0.329,10.94,0,Yarra Valley,Southern,17.27,1549.0,585.0,0.716,9.97,0.0
2014,17.24,1536.3,448.9,847.5,0.53,10.75,0,Yarra Valley,Southern,17.79,1654.2,297.4,0.329,10.94,0.0
2015,17.01,1485.5,385.3,840.1,0.459,10.68,0,Yarra Valley,Southern,17.24,1536.3,448.9,0.53,10.75,0.0
2016,18.44,1797.4,311.5,901.2,0.346,11.41,0,Yarra Valley,Southern,17.01,1485.5,385.3,0.459,10.68,0.0
